0.914703016971598,1.30935578570614,1.13775499429546,1.18437906663464,1.19740607395286,1.30970547014639,1.44169127943263,1.28239669315714,1.29656341126181,1.16085463299869,1.29239564986649,1.17899607039045,1.35290563516737,1.43955192379498
0.975815607373696,1.46426254740039,1.2076206028485,1.50390220827305,1.26402984217017,1.41395668459407,1.67916797412522,1.33371047158651,1.45970995918887,1.16881922772138,1.39446833790318,1.22929259816042,1.37412673526405,1.65147994504137
0.833019413191963,1.3859814190741,1.27635810313696,1.27925294525746,1.27396551113435,1.45599370864576,1.56733313643804,1.34672746741434,1.43008751729846,1.38476862289695,1.22525314878377,1.35483354731574,1.42746201415769,1.5590287515175
0.986001797502847,1.1376955659691,1.08255593574596,1.37214328659905,1.15594938021804,1.39008300582806,1.38683459664865,1.22487903197868,0.965134765625155,0.933524882078171,1.30638072073944,1.02307459820901,1.39620453407141,1.26465604050037
0.967421251250074,1.51638096436779,1.26150609983932,1.33478800194305,1.30309398967391,1.31010497662955,1.66857285339951,1.39408347422468,1.44240645271667,1.1989991942945,1.25942154240672,1.25185878807333,1.28164670809053,1.62562432419262
1.02125132475546,1.49332665224264,1.30558755064498,1.43309665403043,1.36344723794259,1.53541867858485,1.7029626754262,1.43505961500033,1.53123937528215,1.30239349905856,1.5016826647109,1.36885849225935,1.57850705626972,1.72917381737973
0.941886674374649,1.65391682692981,1.41208843220582,1.34658812947214,1.45994233771148,1.64168002004623,2.0465185273664,1.53961030922442,1.66099286925019,1.43871750482322,1.43463691549849,1.47510885125653,1.72818246469194,1.98754456714215
0.916797830191042,1.44898218353236,1.20782980188763,1.31601381060523,1.28158039375929,1.44697590577196,1.56783239619108,1.39717053917647,1.37903507090935,1.21718548402135,1.29883517999284,1.2954059563439,1.38669096656934,1.53818948986655
0.870372842793904,1.46912946213707,1.29707878062622,1.4442414372313,1.2453055094898,1.52022828884105,1.55408362541414,1.47544841223048,1.5500574695524,1.33646661063503,1.53071876692642,1.36552288718606,1.56635729175933,1.68013141202752
0.944452101431097,1.07287525773762,1.15619264939509,1.36730132478593,1.19292676066012,1.43866195766121,1.34708950171868,1.32630738045252,1.47863974655624,1.3560189825727,1.47476523735306,1.40024422115077,1.58718983647089,1.64919428619257
1.01197222615063,1.36748721247615,1.27143854752547,1.32255551404993,1.2470097984644,1.34525474034199,1.50387354394623,1.2512354967968,1.40214637525299,1.28344406224815,1.30245194464694,1.27728412099447,1.34984486978248,1.43586225893206
0.935369355007283,1.32668670345308,1.23410227816206,1.27021120727062,1.18126404637682,1.37774960219005,1.43649635459239,1.29426803511113,1.27258252177322,1.21897749179821,1.25414851766366,1.23293443595657,1.36754971018394,1.38564431600447
1.05507695750028,1.43966127354272,1.3311869616644,1.26256793459958,1.3344361351897,1.48777286363111,1.53758868112203,1.4379538375343,1.43417452320066,1.28198672019273,1.35461480695115,1.31428007784869,1.48763938221585,1.56658872361438
0.886584950801803,1.26295012527702,1.17682804953701,1.30055941296807,1.13737776781279,1.40597738193195,1.37073426333904,1.2992176878686,1.37496021164357,1.18724579567531,1.30568683473393,1.20138280632991,1.32464793090727,1.4262840881674
0.96529971466644,1.30500289119001,1.2344007656434,1.10625315150968,1.23907952993801,1.10523436490505,1.36271805230309,1.33127942682885,1.34779111706435,1.21400676773609,1.09340714114121,1.26494387837199,1.08501675345263,1.38394794843576
0.973100290069111,1.4346945420696,1.3004034658698,1.45101209241768,1.34504343681102,1.35187347883287,1.52235363725632,1.4328181670391,1.37986849887592,1.25751442642686,1.48184520037441,1.31461238170852,1.36101355576931,1.52851282799566
0.921121424302123,1.3316233081149,1.26771761226085,1.31500902325635,1.30933635713864,1.39333912990626,1.49174121061656,1.28066819621585,1.35242883397578,1.29669460070062,1.34360414783629,1.34928559894943,1.3834291088478,1.46103746627531
0.961523975706795,1.30723767869595,1.25532767314434,1.40496513186442,1.32921753507883,1.42113824016773,1.44542586818397,1.34293580020502,1.32665578183179,1.2661439281399,1.4437463455405,1.3210837025769,1.43766610018332,1.50369343423007
0.986410588793235,1.60069263028574,1.39643891307248,1.53233285899589,1.38702523834453,1.54202598224193,1.7119654915851,1.44409955993267,1.58028944055104,1.3506772623132,1.56522069426257,1.37634162497038,1.54154964830732,1.79308661763797
0.883526719588888,1.06632211776783,1.16812325845211,1.08220754256927,1.06606037880004,1.32916257507596,1.25660935500692,1.17114130137172,1.27591125508732,1.27766190940167,1.21013246289194,1.24401171879792,1.41650793418078,1.38241156596936
0.951836281143158,1.30302686061366,1.20417314978006,1.20140458158557,1.23438380957073,1.28903291158587,1.43983637047078,1.25137212088671,1.27154616704566,1.14829969531173,1.23505028673638,1.19455271240182,1.27131843060967,1.43002633773709
1.05364063844918,1.29190515894526,1.21648118226372,1.25326525494134,1.22073605749289,1.30587819532082,1.34357704403121,1.28426369512454,1.25394868860025,1.1456111152985,1.21029887380541,1.1734445217097,1.30349687143553,1.3595935147094
0.79832596381898,1.2252784719617,1.15254526613796,1.16329258227814,1.13645944989896,1.28767060088147,1.41651658383045,1.22036299082117,1.34245385195713,1.22405406608203,1.19835720753425,1.21784029218433,1.28864770432167,1.3757541667935
0.908791253104424,1.35222345641511,1.13835518316825,1.36986883766875,1.10101983184769,1.49252455104405,1.53345852277353,1.36670413687381,1.531257764162,1.20940363794149,1.50718605046334,1.22989744737465,1.53861068095308,1.64848690595533
0.799471842951344,1.33643504324555,1.10814580567069,1.36980766750007,1.20484873249006,1.29545392546789,1.54447037714343,1.30520225331668,1.42410526273082,1.2426738352519,1.37877269457879,1.28549808571512,1.27670707805816,1.54122174184916
0.899050302847429,1.36457243850222,1.10262069299855,1.49102323763706,1.21869572053951,1.43798543461758,1.69796393207008,1.2759036246678,1.44985570550715,1.30548444996053,1.57631546528443,1.44117079050238,1.4514001241606,1.66163113594661
0.901199666776538,0.962437480768048,1.00869911486474,1.20409055828439,1.01287139384226,1.38548742904731,1.29922943484729,1.09545157804407,1.06513714632474,1.13687906366168,1.18045453013231,1.10920281238108,1.34796750044954,1.30530129735988
1.14027286187196,1.53436374695079,1.35533185664977,1.27359221019222,1.25594257644581,1.46424191206169,1.73633734509349,1.3656695106044,1.51682660804062,1.38143627935176,1.25395661467812,1.34055455339398,1.43483179155234,1.67415732036887
0.875780929345638,1.32391193498799,1.18153987573162,1.24254227378993,1.25713927981485,1.59141271359702,1.46455109073666,1.28913097493796,1.40655985463031,1.26068701830255,1.41892643411868,1.29861021823612,1.57747925013712,1.59513563507854
0.813661289614017,1.61175233176219,1.32705415659032,1.84294129738817,1.25012376502922,1.68828536962988,2.01058174741659,1.50914269021253,1.60821873684354,1.34977474891342,1.93790446018631,1.39135518692415,1.52257704747471,2.04638510756434
0.888637552312488,1.36444811607292,1.28327458014091,1.35798852952818,1.24544042195138,1.41361403371405,1.64511130297659,1.32018305971716,1.41444596944888,1.32211831666111,1.25849554858602,1.31678775673502,1.39579499001181,1.63499132954061
0.956425136241775,1.41415489796802,1.18967511210115,1.51718060268529,1.24776260483103,1.54183925539255,1.54398777139741,1.42255510125245,1.40349739222973,1.27183310507741,1.59775365825162,1.32509469725767,1.65584705223764,1.6589706682244
0.917335441345122,1.49491792434964,1.29050152590714,1.21291001082454,1.30048710561352,1.29501075994731,1.71690388725614,1.5011068466686,1.44982377919789,1.27117957186246,1.16282648719898,1.26982867052552,1.32872277834046,1.69136092273009
0.813718394512012,1.03517600320575,0.938289465057039,1.37247608068205,1.0692572408984,1.51505791345026,1.5907937067347,1.13815580315826,1.24522189307206,0.979676440921728,1.53494777846517,1.10337382454867,1.67043794522231,1.70196048747446
0.837946509773081,1.38457708573673,1.25218142442228,1.13302933782269,1.2063025259303,1.34203511256664,1.5120686191301,1.29556323410174,1.43606710118645,1.27095389790824,1.17688511634195,1.27964603487032,1.43938358584435,1.55414890877903
1.08596401079135,1.59568122710826,1.40918717690018,1.71386285793114,1.45041623697317,1.70302894526814,1.94491674804309,1.55168997388798,1.6865349192129,1.37756335741932,1.60351598300511,1.53178728636978,1.77837951456298,1.856026172499
0.888342692765845,1.4954980292701,1.40938539707589,1.58994009849823,1.38765026227637,1.62319257894458,1.85110011587338,1.42649306454957,1.59574427366808,1.34666199155829,1.53899244467417,1.3970423616828,1.59686485981941,1.78359623416477
0.809453692750276,1.36544748737096,1.25154412958087,1.29523143407546,1.26778704249854,1.32243353128433,1.48463383712933,1.34496222662203,1.39712062298687,1.22490967338397,1.29101367939993,1.27987493361084,1.2580482121056,1.46354416607808
1.07045368729411,1.50785288975322,1.27896675944129,1.51162421508976,1.29288351385111,1.50288486746054,1.67948924489498,1.39790232965026,1.45054433804717,1.34322751220131,1.43031761050224,1.39079702516001,1.49756509797972,1.66177759109399
0.987828997873491,1.47240595234107,1.30138623685422,1.45896904154035,1.2816979371383,1.4905472860394,1.7132158000843,1.39867846492787,1.48507067908411,1.27348271329439,1.37304045645743,1.29059229716403,1.41702529371014,1.65491094337265
0.91807844074006,1.32074925368876,1.18726756669167,1.42226126898346,1.22151188458657,1.41094809064159,1.59553537661263,1.35504910610947,1.44874733713499,1.30206902401291,1.50128251519992,1.38772720258021,1.44965082737752,1.6170665470041
0.926324340761924,1.19115963894348,1.06800924320636,1.25907101264775,1.09655581839961,1.24569543580452,1.38037272489855,1.22874594395369,1.32790505063405,1.21114472108127,1.30308073811548,1.27066346901153,1.2697800244557,1.44238899110771
1.06085478805711,1.58593149940607,1.34445364929984,1.58626571846516,1.37623895306961,1.57385419799557,1.66462309529964,1.44589392190204,1.50274564159224,1.28092156465594,1.5464712999051,1.32697230323048,1.56927942143249,1.61286532435454
0.829450515833768,1.27441484183126,1.1517100500209,1.11729933771976,1.17309873551444,1.37536189234732,1.50069378309219,1.20511905171654,1.29044813274205,1.1977111812247,1.20058024806461,1.24462235891398,1.39778514244815,1.49019130788816
0.851768890346927,1.34914824775659,1.19586492630889,1.27995607276561,1.21696866445886,1.34386634852297,1.53938289912971,1.33326170212831,1.41090382975444,1.22760015174236,1.3484751845857,1.28174241180241,1.34405520761976,1.60625471794348
1.02913828264147,1.30179843115173,1.29513580252058,1.38253671868464,1.30032957752353,1.35324783616089,1.47294499239229,1.34919048551911,1.35839960512362,1.30855843237125,1.38459491161171,1.34949512415855,1.38432492538333,1.45864732241679
0.917626968330958,1.44868856012867,1.24706437017507,1.40624675259052,1.33992518418909,1.5203323247996,1.5527664631497,1.45248383204688,1.40835633751777,1.21038846963472,1.38240322075328,1.30266612871304,1.50144591544786,1.56728412083621
1.02106598298431,1.71851444328184,1.45519451541027,1.5715790595144,1.51494715387927,1.58984249621107,1.76508072950816,1.57095907683843,1.62392627255389,1.41931083978163,1.62005606066707,1.46346009921418,1.56247648550914,1.7484332985761
0.927291097761202,1.14705294029353,1.03657718088887,1.3001127243925,1.13586372433706,1.1877881274768,1.33570987076435,1.21648235990811,1.22288055488952,1.11889845374037,1.28602523682264,1.20989486620976,1.23635942914269,1.33902677663653
0.839694273229447,1.47919232367093,1.18618170244641,1.41691352203186,1.26684945496953,1.47065446553056,1.58296098948246,1.38216898642826,1.51273497422276,1.30303652981691,1.47335514994369,1.33463125997332,1.44718511433238,1.62901969114849
0.94006877658119,1.29350797246558,1.20673426624667,1.45343087996343,1.20368460760065,1.40851479768753,1.50863378251668,1.30048903209065,1.29256937756335,1.22296654848434,1.37382483817689,1.20949326821246,1.49196313651482,1.48280757242823
1.05388038578797,1.71804610693896,1.35434055242725,1.61547634535559,1.4075195283004,1.68459598274476,1.88910074219873,1.78531387650753,1.67082753712449,1.31949365560669,1.62271053081582,1.38263149755226,1.71825681250505,1.83782903518352
0.94646968629009,1.24675215385527,1.23881510813889,1.4633655361787,1.28223325103167,1.47348889525067,1.5237550463723,1.25232217538298,1.32000553356513,1.26891800251297,1.54529167310619,1.24823509451702,1.50052776245877,1.58049331238521
0.933331512076198,1.42643227518712,1.41880637815913,1.38783579864609,1.36231676960478,1.33040579780936,1.57223142499894,1.36586270435647,1.44282035511874,1.37923355758904,1.42379304701075,1.45579290088802,1.28935239215692,1.49908759726946
0.988516570343169,1.28353155689876,0.991009510869469,1.44210792097241,1.11105806684616,1.59200233064417,1.59206218142941,1.33698498818966,1.41817663205708,1.22073787676994,1.47715756086458,1.35565410087245,1.61434082937297,1.65199102656167
0.942903203288401,1.33380089144563,1.24975815438904,1.24534489597593,1.23921907058651,1.12814369327574,1.45570396903316,1.339291690528,1.30702411670778,1.26466272646424,1.230271580796,1.22459176340189,1.17903596466266,1.4578797000298
1.05310278129703,1.3645608591991,1.24814181110854,1.45836300764255,1.31502639107689,1.41355791972012,1.54006070326317,1.32588415060175,1.24787242600792,1.17631135686015,1.4664471434786,1.23488270692409,1.40527578130845,1.47841124079092
0.796260053632965,1.26073500036212,1.06711668659781,1.21945191647958,1.09833160655718,1.32337932206872,1.35975402913165,1.3399478156351,1.2802577769591,1.16006514932903,1.30647806464567,1.21708370090306,1.33397123787333,1.39357025319298
0.967949601629062,1.05323574331172,1.24741481966151,1.08400761449895,1.32587984628498,1.41754903443812,1.10064727396756,1.31489849220204,1.1917244654038,1.23341643373206,1.15066332946697,1.31011951955223,1.33210545116783,1.19536898315425
0.907260298728943,1.32084494621255,1.13903673254014,1.38964894310908,1.2007001954815,1.30482881510027,1.46497259938783,1.27590665753847,1.17219824599129,1.01793077487702,1.38388661584231,1.03673099730233,1.25647202719292,1.42146242100306
0.960791808380415,1.45567363801759,1.34486967307354,1.46712221928249,1.34371540806801,1.49553657415485,1.63359071511808,1.46117203728308,1.44425931725415,1.31280929184406,1.42804151324377,1.3221422739215,1.52636839071726,1.61878913120198
0.954632175732018,1.12065510572949,1.21742101605976,1.32783898330833,1.23094758744499,1.49832456642544,1.24280181215143,1.22558672522162,1.08636278419198,1.13041240123533,1.33499405663165,1.19451330645531,1.48929070816889,1.23218938281949
0.8632551412092,1.26528623754236,1.24469438521552,1.45539582228704,1.25860144991342,1.48205268864512,1.5975289612333,1.24906271967807,1.40000695344423,1.29823930887618,1.51741438791865,1.37731180800993,1.51869143403023,1.5584926950037
0.894416690135317,1.42946551816697,1.29791439918785,1.41206705633518,1.31726342312573,1.49344232916694,1.62763934726497,1.34104854052365,1.45683637387143,1.33524427033064,1.46340949224134,1.35482324101354,1.47425255043546,1.63787171958913
0.926846651937447,1.10762157762422,1.0861572096638,1.26210326904798,1.15612460653963,1.3809866016098,1.37155001619716,1.23172520903001,1.03197031031281,1.04344075942362,1.12981863969412,1.11292023716917,1.26427010555616,1.23671784674094
0.937320377980693,1.38414131716881,1.25545634800487,1.38618904241061,1.26937434975288,1.60274367969721,1.68959961002265,1.37031958724378,1.46560086520573,1.17944186993458,1.43528716720115,1.26313963731393,1.56820752339678,1.71566117721145
0.99502347102671,1.41772595425931,1.31935051830176,1.44125222527878,1.32182863695105,1.48768434053644,1.5770834568474,1.37884584262634,1.46040652794516,1.3665417707601,1.39360531967207,1.38072554635488,1.47292861555304,1.57793618683891
1.05371064741616,1.06415371931442,1.11557365098365,1.26269783599432,1.11505983661228,1.31036279308117,1.26195673195301,1.10362472002741,1.17111880412265,1.18533053558459,1.30547739079516,1.17913497192486,1.32519601384226,1.30536308523034
0.855562900975921,1.35692225985455,1.23330383877474,1.24839840953815,1.28749775473654,1.43821301177969,1.47985604799944,1.28687380144495,1.35813771348745,1.25013936192995,1.22437534099366,1.31030797112902,1.46362873061212,1.46736109323846
0.939631916772327,1.3122298910397,1.16499324930393,1.43869728729502,1.17669560417145,1.35964583919561,1.39862214446392,1.24507411789778,1.38975752498444,1.17472705822782,1.49243123087688,1.21811556591283,1.35168649005811,1.4459679976582
1.04355050711071,1.33244470303134,1.28330724169292,1.49455198814284,1.26803932483945,1.31320476712945,1.50906938146931,1.30154818282319,1.34462926120278,1.27877006757657,1.45258799731482,1.2878935838511,1.35938869386053,1.48563906818897
0.899358899699702,1.32464796509158,1.30368117367164,1.30335357181751,1.26745517442101,1.43317393343688,1.54303485564939,1.33372667795975,1.43831890175857,1.28842409020787,1.42412747123412,1.35014498825178,1.48762050397766,1.6456919541282
0.933834947296418,1.23215001279448,1.20108394108627,1.1769559444395,1.25882156640542,1.31842643055347,1.3619556385362,1.27895156492224,1.32638943307734,1.20426845157857,1.22069229943813,1.31312290909343,1.37236413187511,1.43691355852033
0.72634959367455,1.46056860270171,1.30970707942475,1.3742484127518,1.22444221705717,1.40376941718076,1.65131206713381,1.34411008368278,1.46269455317567,1.32500992095111,1.46802426745642,1.31813029613416,1.35575917825699,1.62126276171686
0.870012191145919,1.49449868163426,1.25799445969769,1.36687191459258,1.35826765878645,1.35069100382259,1.5724267488263,1.47606308217758,1.42920743980799,1.18922705290087,1.32141309854255,1.27858212149168,1.3686276551898,1.54691610382999
0.998194030437811,1.34389909324866,1.15143949906969,1.43911338733001,1.21022186242444,1.570621279497,1.49381854217412,1.3019322062221,1.28701934833867,1.19885760212523,1.4481745546232,1.24829986983393,1.55455111801973,1.52229838161922
1.02649541705557,1.53109245780967,1.33023720423427,1.41336467674187,1.43133860813884,1.49495870779376,1.53879720180613,1.49347291490417,1.48556650769711,1.22508621001229,1.35330916076734,1.37218142338314,1.40810574266699,1.52838224499329
0.928861777680329,1.25695098527537,1.18078318515462,1.21485134249642,1.24576744300396,1.36484774073853,1.41221840097697,1.25520175841671,1.2163443022388,1.14064657494402,1.25030143272202,1.19706191639357,1.37325881991316,1.39161471051573
0.851365949617141,1.41628405653113,1.23201694089754,1.32704548370116,1.35879723230139,1.31691769475029,1.48170385558914,1.41353871743545,1.47032638097393,1.21697808169505,1.30461517487253,1.28493591939541,1.41099125664441,1.5276111369133
0.8663697842199,1.04014009699775,0.989809104261363,1.18226626886319,1.03815778550062,1.27915782515586,1.1905477337992,0.995269648265376,1.10782670952863,1.08837024176094,1.22142754571111,1.10585441727823,1.29206255395362,1.38914555767436
0.864575198311715,1.46629358791388,1.08485872966354,1.38838973281424,1.16104996405688,1.43974196680753,1.68719167809123,1.36236635308633,1.41491983694727,1.15807138042714,1.43467697207357,1.26238383543686,1.40855812611205,1.6594609245872
0.96488609642034,1.33979691412255,1.28667991578916,1.26945871448767,1.26416041343473,1.33472396017269,1.49759596785952,1.37871234891633,1.30785923871255,1.32044690433737,1.33340438387611,1.27841422040442,1.3229461374754,1.50683754399875
0.938536316797925,1.23554769227629,1.11912549978264,1.30279536618561,1.12471619760402,1.37769625563171,1.40728196500482,1.2660915818394,1.19703039369742,1.09454414437055,1.3672212010191,1.13502301138294,1.34812458927035,1.38486549479646
1.03389398805383,1.39616356855474,1.30545015627536,1.41920576877827,1.28852827995257,1.51080915101898,1.62960335867954,1.33432432970443,1.42072917744208,1.29023317709573,1.43205466611292,1.34700200843865,1.48616105585526,1.61779794381118
0.729668332901178,1.18188236883338,0.965409724562715,1.44948184283312,0.906904208037715,1.31359564871401,1.43246849079425,1.12149509907332,1.3250982655599,1.1071455543588,1.47978486011257,1.13024732490828,1.32196569901246,1.52049765269424
0.917868356438393,1.30923525107852,1.19972286633219,1.31772107530553,1.23324484131838,1.3842874844004,1.51810332584642,1.28892547126711,1.37578569276406,1.24601371468141,1.33653177924517,1.27601518679142,1.42079559961955,1.53891503817705
0.771400305320477,1.18171855250558,0.934356174160568,1.25383909888008,1.02668948269022,1.38988315589237,1.37689853463391,1.31892501781844,1.50133480633118,1.24927026035793,1.3803369211114,1.32197063872788,1.4500122628883,1.5037127487992
0.872032265229659,1.28950737724229,1.235212094535,1.47769820949951,1.2639402908867,1.54968287932833,1.58600063387245,1.39161448489314,1.40344570145805,1.2009217430764,1.32368402696496,1.25808619172502,1.51790911457704,1.62786257810954
0.988278118019956,1.47167259755882,1.3346528144587,1.4341732774633,1.33350564080749,1.48849946986464,1.56616121571904,1.40090252451499,1.58646983985754,1.35117057362274,1.48884928443478,1.36005403685149,1.48587475823356,1.52100181093258
0.788120865383569,1.0903759067842,1.08470693937941,1.20751810109867,1.01421091866327,1.39190496391133,1.34631572812083,1.11557829333706,1.3722418383014,1.20517011165897,1.39812190161351,1.21326974326211,1.46358650887254,1.49421724505172
0.868046163502386,1.51422758095481,1.32819949482183,1.50399571089517,1.15295243420027,1.63770160346554,1.81020183984146,1.2298760325528,1.45382840409637,1.03820492931708,1.42204415306823,1.00291888062071,1.58438186383305,1.7171618680394
0.918529529737521,1.34079454392317,1.14356912435644,1.47916331012806,1.12889721016495,1.5065157534975,1.68267771151989,1.30197173226847,1.40490107586975,1.24845223926029,1.40224470155924,1.24241886807913,1.46470121907059,1.70850944198393
1.03805140799509,1.47055808077624,1.35443808179779,1.43206962956769,1.36376436853099,1.57058145913958,1.6794687255858,1.37876761596708,1.45932768554618,1.25537228150068,1.43019665611041,1.36246391686554,1.42953666725329,1.57724517130969
0.94251276053578,1.36615831706211,1.25068765659832,1.39255645210622,1.27607826424124,1.43287355672033,1.53024052406658,1.35477503736158,1.40724290797796,1.27135733444488,1.47482532983298,1.33653065313978,1.43027875804395,1.57554073573266
0.952880278038673,1.17820601833664,1.244736676523,1.38249027861944,1.27896198348828,1.52024586572276,1.53680067433455,1.36771409142017,1.02221709164326,1.21543143096431,1.25344824939471,1.21615446718661,1.41055937933299,1.30245809962065
0.85624132897322,1.10829967367527,0.963970272268863,1.31944364711814,0.951046133506944,1.27963018348704,1.39813452930091,1.17370582702197,1.3236830407996,1.23679625449357,1.44707681061479,1.21761540866809,1.32313590358805,1.48862448060087
0.906039510858792,1.52797087253878,1.29985488989304,1.55492753255507,1.32353257801584,1.57378311522242,1.71851977131406,1.37872223891732,1.55095346918957,1.27554235899658,1.50279257641471,1.30552617042344,1.56640378884211,1.68265053343808
0.980972455496772,1.65972934904032,1.44284034579573,1.5140377994221,1.45136276543228,1.57275425476731,1.74631484366155,1.60098710130749,1.55514380015262,1.14071876479932,1.45669645495046,1.24414706305308,1.49961108574203,1.6891127241372
0.969946093615529,1.37293729501761,1.28430201676537,1.20729132004433,1.2516577136957,1.34136014860288,1.45681967116546,1.39343620063549,1.37992199238534,1.25158828086001,1.20033162964961,1.32664095424808,1.28943768626396,1.37261450430505
0.966151127356222,1.44748215907005,1.32255964515233,1.35948884546876,1.35082685124538,1.41450941707441,1.80870161341715,1.41095052651465,1.41616279903651,1.31675256367369,1.36873337160621,1.27847398770483,1.39930721631757,1.69638764008485
0.787988823422282,1.39473519230052,1.22317653956825,1.31014091824437,1.27616979591825,1.41060195153363,1.56269552282895,1.54981786697193,1.45899380416453,1.26296702367203,1.3146996132299,1.37969027680849,1.40794427228043,1.62358706931385
0.755299822241068,1.38155869072029,1.24468662985616,1.36256354067475,1.28906471149944,1.37981643739951,1.5346797688529,1.40293664083837,1.41053529602183,1.24514284680797,1.35560329501762,1.22878519055794,1.32739932863943,1.57767912761824
0.852432036704391,1.4046923338786,1.23516874412608,1.3556251116847,1.24620513767401,1.50770088729858,1.63669382871978,1.38948044379246,1.38796236161106,1.18212455279129,1.31520711814953,1.26541365810578,1.44264430963043,1.59286748752373
0.985777254359236,1.36584560812593,1.2842610732567,1.36512330372337,1.29110398605667,1.44563141170082,1.53159208557233,1.38982483323708,1.38903533511845,1.18584501114824,1.39013940936753,1.259657790736,1.47839895323033,1.53966414238334
1.03327531113571,1.46331780111332,1.44076051503575,1.29614037772638,1.33673662963166,1.47816627451571,1.60359264710316,1.42915670497129,1.43942982911971,1.4513560303912,1.26724991411286,1.3854772579744,1.43823301165559,1.61042176268317
0.925426289439201,1.37315402829901,1.21617303049947,1.35341108220723,1.23467800736776,1.56516720943881,1.55432985519015,1.32722211582779,1.40755229347262,1.23949925100959,1.43468824369417,1.25695726980964,1.55826216403389,1.55509830181936
0.85595470352349,1.29756112862703,1.2427836898554,1.21820959935506,1.29202834350353,1.37265604948249,1.47995989377096,1.29459936490237,1.37942917732181,1.21220443463569,1.35431009135624,1.27966346912944,1.42767681116434,1.51490633887715
1.0143337899888,1.47428716958746,1.27856533856705,1.22110672867004,1.20784358749593,1.3714756759102,1.65663299375079,1.35917830083602,1.449190960886,1.24306481683487,1.27036904707645,1.26625303760962,1.34612639374652,1.61271347878114
0.821707889900444,1.41984859865655,1.28369047493258,1.35603325684294,1.32035647766903,1.21180871744273,1.51366728503217,1.36997012336736,1.42575233468981,1.25067009869489,1.34092791672521,1.31328638055317,1.25892590075308,1.54053986563014
1.03240040423226,1.54772411335729,1.33133757274599,1.4588434951646,1.39685513771614,1.59249574632237,1.76593294388059,1.52992559006562,1.66987048478079,1.4962278595601,1.56382341823384,1.56192819614476,1.58709185220625,1.8148781996401
0.822718584415864,1.09970494181937,0.976142393781784,1.23892252716814,0.954134906649743,1.27541063691133,1.31478274557958,1.16182087027073,1.20093232030207,1.1703821361238,1.29970594714158,1.18097262535585,1.34820399947614,1.42654067155373
0.848534154592698,1.43639861261719,1.27672689223021,1.21351334861087,1.33178174310463,1.39875918414518,1.51933617500303,1.29430880972154,1.37008758420383,1.36753927645358,1.20712887692591,1.33328854409347,1.4170015401354,1.46336993166147
0.966775067886674,1.35809906999528,1.26924725576597,1.32987250001675,1.30631949155521,1.31490263752209,1.45108296517729,1.30889492305249,1.32880293089118,1.19943256843105,1.41766731322177,1.23485081727434,1.32497559669904,1.45717646989915
0.99073201965075,1.51033141363246,1.25546016427069,1.47358395844881,1.3772160904104,1.55256268726923,1.69934326574774,1.50298142359012,1.55209114331027,1.26665771601727,1.4339146341252,1.36008315569614,1.53389071640477,1.66068343944303
0.889703867289255,1.4289258123141,1.23163389980345,1.36197120754615,1.30941280465885,1.46688002110259,1.60459133554741,1.4068961254306,1.39625477590091,1.09811242950169,1.36999639138997,1.23835682014132,1.46058910096426,1.59279274273155
0.819510835889663,1.30429064544202,1.13965760976579,1.29320059357477,1.21638402201226,1.4221597587433,1.52858151435125,1.35205358384836,1.2011161977602,0.994772816085733,1.21910814977549,1.09733376191725,1.38238397849132,1.38874517661307
0.925153907406982,1.22558983433935,1.17901737565804,1.29680841437785,1.16770057109084,1.34665713064332,1.37984659825393,1.24377477955687,1.25809882529911,1.21085148403366,1.33197285776951,1.25414269309275,1.40397648523056,1.40573910820954
0.919804197145011,1.17662393885326,1.1350745099103,1.27750473454081,1.20031976085178,1.34247034159016,1.42277211138829,1.29382570700663,1.04502906917856,1.06725447157181,1.20369243106112,1.09142010897677,1.32948388965178,1.31613349287541
0.89032766604906,1.53091443942198,1.36113212116182,1.41204372686319,1.39064659209087,1.55096618394659,1.7381614693435,1.46016439872612,1.49618666513536,1.39362749261885,1.42667052457224,1.40342223035937,1.57073912522372,1.69141741084361
0.839188213816425,1.3757630603539,1.08179220451895,1.24644815278988,1.03105830936069,1.3778934211452,1.4947403610807,1.3817187113037,1.50432999148561,1.26895062359762,1.33242694338834,1.28191788088744,1.39580122793501,1.61150299332775
0.886446975122656,1.27684605106932,1.19604811890632,1.36626439326339,1.18497583716891,1.49016125560886,1.57950193364272,1.34041823067065,1.50503791932018,1.32704514085678,1.47548800159884,1.38653812096232,1.43857249184814,1.56646012240568
0.859005408791395,1.18692514811828,1.07268393129783,1.30962453804154,1.0782342215553,1.46744930962145,1.40075555748907,1.18316028532693,1.15558672424438,1.07684948060387,1.37053483402785,1.12217663150809,1.46193194128352,1.39811418475686
0.931978231578162,1.38205462583147,1.2553662751361,1.36122073138014,1.19961798847951,1.33125753927123,1.65727493354759,1.35978240267352,1.42184294153816,1.30518543337898,1.38875328932415,1.3098070997767,1.31143064590029,1.65650753851907
0.939035626930919,1.28119783963631,1.21257140005203,1.20396709192538,1.2272799356435,1.19442350642626,1.33818045012425,1.26032504776783,1.33255017368417,1.22007747482467,1.25053889824919,1.2093314747586,1.20263478612702,1.31967045972787
0.934826095898946,1.38182924032256,1.25193055874908,1.56572561259565,1.31662488559511,1.54738003369255,1.59649114390855,1.35705277515723,1.33487857134036,1.20368991532234,1.47315869421087,1.28003285956907,1.54703752364972,1.56680893778971
1.02889949122606,1.30985846911981,1.16050634512287,1.29562952280878,1.09785354257941,1.36662431530757,1.46032312257366,1.33509801218174,1.095940977589,1.02108556003495,1.11603798072329,0.940856551716713,1.33269535007126,1.31360868080429
0.969748817938914,1.30035239455917,1.19206668909886,1.32141383373354,1.24397018466616,1.51425170061182,1.60058703129836,1.32474548700817,1.2075500139258,1.15872817313455,1.3091461296336,1.2042974064498,1.49338466778026,1.51538921910537
0.906817413382716,1.25492536163224,1.05066786593315,1.44163198463366,1.1374994949861,1.43525269688392,1.60353185422884,1.21655543233667,1.42735375477181,1.21076501766243,1.42438608320159,1.26373420591152,1.44172193833563,1.58398502929374
0.85582442372106,0.992908356435426,1.02985772067833,1.17743989427384,1.00478980369381,1.22586623687538,1.29209421904953,1.11249240900475,1.0453000928633,0.898827245802407,1.14588408939482,0.905973596474792,1.31598753572754,1.27526122290968
0.976657883428475,1.46788415318002,1.30194364215047,1.412340588012,1.27149006066359,1.48550283473113,1.58196719559672,1.37669052351105,1.5038367991934,1.36983400204122,1.48861233463557,1.38790740013589,1.46597292406918,1.5803273012795
1.12051950215772,1.66441600587375,1.42670528693793,1.59162110122258,1.39338834936554,1.56569154544714,1.79681742046127,1.57944548789125,1.64928667980145,1.39802882654428,1.53496425225738,1.4447591916273,1.56593038322398,1.70090214789532
0.837281218107711,1.35210577267343,1.26692221841987,1.26967255756572,1.24497618520163,1.34101054484665,1.49547096909365,1.3248974488887,1.32720020774478,1.24923639326882,1.26357687678927,1.26731001670926,1.23563749672454,1.44551654375015
0.973371675906291,1.27593439104337,1.24471494079825,1.42034728838373,1.33509965780024,1.77746917642989,1.47995498552722,1.4026441199532,1.44726808340403,1.26096720957559,1.50158982613922,1.32615356613819,1.77510344359525,1.59276512536324
1.01152211498752,1.33552541726941,1.25943342631295,1.12593848027032,1.18158630354252,1.4192245999972,1.41497136484332,1.23809755622983,1.39511120024527,1.37839176582533,1.1609226569841,1.28323676318598,1.47857440534898,1.50843223626619
0.876387128123531,1.27089143019252,1.11939559767415,1.22214389205875,1.08046934368328,1.23238998408362,1.41101221404467,1.17267615549284,1.3662739002089,1.25437351718164,1.29140391634099,1.26342742954555,1.22971759343517,1.43098783146167
0.983149655163288,1.31489672840716,1.30936312738391,1.38443427111792,1.29024959493672,1.49824688915445,1.47452541528295,1.3642869830919,1.4059457414636,1.33569111567072,1.397488619217,1.31539669535411,1.47509133704652,1.51253196347609
1.09598357710883,1.4517654339877,1.37644567372452,1.44272037414209,1.34882585103832,1.51007409924897,1.58403635811111,1.39278334147854,1.54311772281806,1.39301677258843,1.51477029460702,1.43398837890595,1.57457550684007,1.62817559873494
0.744737399429001,1.51661414190203,1.16890597068413,1.59442061195049,1.29738263689545,1.52444285900426,1.71472670135009,1.37531554590662,1.5093460761538,1.23671600112893,1.56973453153164,1.34293410702725,1.58134990597317,1.67602749490186
0.910865126845946,1.39065851926719,1.23609037251336,1.2823566122125,1.30281627937142,1.36333465916023,1.43581788853176,1.361339941448,1.42064751704007,1.21351017489431,1.32396448191844,1.34643663200641,1.38394297763614,1.51276497972801
0.819398621135443,1.14090168592922,1.21282286341472,1.10266548585722,1.26561339006732,1.16906716344384,1.24288643766736,1.24249611726809,1.10791876383277,1.17800123244864,1.09760781068419,1.21701723923103,1.13382076615587,1.17789015919818
1.0267278418302,1.50802646878784,1.38953105675528,1.4348650040033,1.49513226257887,1.44663378398132,1.56046681429038,1.4944045690431,1.46393391416136,1.39163973058758,1.37813961452261,1.46040305400464,1.3923851352627,1.46975145054474
0.985807136896772,1.24799121436219,1.20786591430078,1.22950876487868,1.21859542961934,1.42218904197216,1.33731462351952,1.34531495606579,1.15349421714066,1.13660545055576,1.20718001553582,1.11929867894302,1.35631676206589,1.32232114505365
0.941172332202687,1.34416093634753,1.29640118980322,1.42422213051054,1.30105468832242,1.60849236411813,1.56089867787645,1.45814429439949,1.61127383996909,1.43693029072472,1.52738318468572,1.49561013762794,1.67588509447564,1.60861768282513
0.977059218681084,1.3002376050141,1.2872884865806,1.28616554844201,1.3168957826688,1.296422312308,1.4011589458312,1.333312118842,1.34375426164924,1.31861037241422,1.29954105245587,1.31448545729946,1.29110845251822,1.3601221183072
0.821437616808427,1.41951129608269,1.29943989010603,1.24935766246116,1.31165179230626,1.36119193912086,1.53860613531818,1.33498149779947,1.3931477735523,1.26047061481635,1.37592619384934,1.26884306203365,1.42872929680084,1.58395389276268
0.666545815370521,1.41330994658459,1.29005995255966,1.28452605788953,1.20588515136894,1.4378032869263,1.53593621192056,1.40940207398139,1.54603135884285,1.32488463675879,1.36819561286651,1.34078836542454,1.41665261733532,1.50478898935088
0.89569165724427,1.21357407726193,1.15280697480738,1.22321553956922,1.19583666412074,1.34255688197641,1.38466860896217,1.28371134057367,1.34771561401427,1.16798753515335,1.22690065112335,1.2578649625001,1.34371433713857,1.40653704657947
1.16219641231909,1.44642888676308,1.26729320522479,1.25635407209396,1.34861195492967,1.41251909047875,1.44975253704924,1.45207413708119,1.4305280051504,1.26987307247719,1.23516479613837,1.32417007476595,1.47419924466092,1.40153057863079
0.868170377612114,1.3460731978297,1.2311154931189,1.07825340544968,1.24975809292406,1.19615525766915,1.35443419826328,1.30644580618413,1.3847610954156,1.17059975388807,1.1232468193311,1.25272493108279,1.25447450706671,1.35648551745131
1.01930635985454,1.41128621910034,1.2005618796284,1.3623522432602,1.27893392310165,1.43445575450674,1.63238917712321,1.41046236971904,1.42453834879839,1.15943750847951,1.3583013875278,1.23296631070914,1.36059735857662,1.6042717329387
0.913117618490291,1.58562427161853,1.48011075560688,1.53278266431905,1.39053425497144,1.62473272395167,1.76223288632472,1.54211398099721,1.50478927417749,1.4291308629454,1.44740930243728,1.37358683516902,1.56511838795598,1.63610443162103
1.05701159238815,1.38011672374832,1.36852985191729,1.69802950476155,1.42818122712059,1.41162674198151,1.6452441157203,1.32956213222021,1.4839761971389,1.47883393516276,1.79989452053488,1.48893266212753,1.46363527359572,1.73377758704753
0.887550588090318,1.30494588569213,1.25922580004345,1.14448383762952,1.2368352328321,1.31564779818848,1.3204542055473,1.24887127405642,1.28745467427273,1.21156326181126,1.20641105428996,1.217453681739,1.36031152899303,1.35863874225655
0.964298489327887,1.50746434112956,1.34231575368501,1.34593482168564,1.37282189554171,1.45365198868972,1.52527893085193,1.49983490653967,1.42774259281355,1.27856660970636,1.29690616731496,1.35404971995499,1.42234479743564,1.52189789941434
0.990061593654493,1.49936389041332,1.42066576982927,1.48386063554831,1.39290099097692,1.4617604738,1.6476473544001,1.4492527966012,1.53942859401786,1.35723158082024,1.58339553810301,1.3834416787542,1.52245151030051,1.74705307114819
0.995605601301448,1.28466023972078,1.20815437914755,1.29691013723672,1.22923549667235,1.46213599161041,1.49164963684786,1.41500756706243,1.36558677750764,1.26791342100255,1.33221131808749,1.27037207542209,1.4893614804456,1.45850619792568
1.04615357665732,1.6473242442928,1.32618697837547,1.69301019053255,1.36455114552735,1.68117335053272,1.81570828525807,1.55531951970182,1.58388818642957,1.29967322684741,1.69460464253922,1.35770668527216,1.71389010827592,1.81904493209655
0.821923508129099,1.62003963129339,1.26545580766564,1.33804543615527,1.39390691704687,1.54370774409568,1.6814024192186,1.59044654908058,1.53986354415119,1.23030047025572,1.39834396565467,1.40474878199097,1.51975867122707,1.63431801743182
0.953039612275798,1.35001492748194,1.20034511635701,1.33957002097459,1.26850622844716,1.38988246209919,1.47536912133344,1.34268467349125,1.16671048335695,1.06145865426344,1.21489192847756,1.11998709039298,1.33745923908159,1.3366388301524
0.994572925200829,1.05513027818843,1.17229860684183,1.31919888787082,1.16782051021261,1.42148679649963,1.28762956788881,1.11603894952934,1.18158839326278,1.27432384082775,1.35335848369906,1.2799492379862,1.46191824351409,1.33418464862891
0.993603933035438,1.47745443556105,1.37666472457336,1.16265715899784,1.41262980640398,1.56565118549736,1.5613930195669,1.54420620767474,1.52628646186688,1.51994867605592,1.35830744514825,1.57754556544305,1.53669999535747,1.67658811419198
0.902461562319435,1.29504498539158,1.15838743811351,1.3346734339815,1.16878449589576,1.49534450674107,1.44632933910804,1.28841229966665,1.35929523496067,1.30434556351838,1.34524327827977,1.3346923259452,1.49558688196958,1.42812092387185
1.04265223405894,1.34485599167814,1.28843812106468,1.30646961107456,1.26500688839638,1.39166035569278,1.53296017699558,1.29145865606319,1.33511599247992,1.26567365828199,1.37528231771479,1.27582568605031,1.38503462553683,1.54310526422637
0.965084028944472,1.28284283032248,1.13038565176692,1.35549879273777,1.18453801059834,1.34895261161658,1.44992528134596,1.31291561388982,1.10956811263259,1.04908311176645,1.36870239493324,1.14059020361879,1.33515698433271,1.34702015940406
0.95543290974976,1.34240898950267,1.27437991926997,1.37717406437947,1.24055660736891,1.4406345078254,1.62432234241038,1.30349400035567,1.35935814059732,1.22697238790355,1.32781550631144,1.2173356827848,1.51408692783997,1.60208051346139
0.967473013307244,1.52583036326235,1.29264314199997,1.45464114861871,1.33653168505504,1.57905847384672,1.69737336503024,1.42792645994796,1.56498284877072,1.31739479734681,1.4749455637368,1.37758118830747,1.60006149951369,1.66044288122256
0.901808655743859,1.23998205221485,1.13757134481411,1.26434677131424,1.23638515533761,1.33511440173427,1.4673697957066,1.23203361133637,1.08709777862278,1.03815713295989,1.18616528619419,1.13289210257561,1.28103145187901,1.35142995175225
0.931146860826277,1.26519465043914,1.2106419506937,1.40818677360467,1.16866748344396,1.36922394515036,1.38730716726869,1.28359677111093,1.37807119882059,1.26355486774141,1.41732712629679,1.23953847742904,1.36426565647125,1.58651588041199
0.85048752784729,1.28006865916417,1.04938108612761,1.1476255676914,1.13064271825463,1.33487592709235,1.44680843749569,1.26836134837653,1.15166834114987,0.933508407573209,1.1233027901681,1.00238662164656,1.25738323211347,1.41491527479911
0.958764571669328,1.10165295980193,1.04952025617149,1.23385499784039,1.03137728435018,1.36940377375071,1.41910142448021,1.11524876724403,1.26232884702626,1.17725709416416,1.26247266103372,1.21780950461757,1.36720756197146,1.44959945895268
0.941050681287419,1.453737805978,1.08900708580681,1.51919629473553,1.22505426614813,1.57235217685847,1.75410752504894,1.43307228056962,1.56066882404937,1.22652118783948,1.53663521186477,1.3953917064205,1.58170001375221,1.73644879717226
1.02717668773901,1.4760061851524,1.32037719723707,1.36819900732184,1.31346009666097,1.40791791007364,1.60718690182106,1.39572154081522,1.50272054663111,1.37589760325888,1.35419427528072,1.33294821933933,1.36047032322784,1.5811419588896
0.823480260472338,1.12575356541453,1.17816487326735,1.03972019828668,1.19361690872426,1.30898638255378,1.27210042295181,1.19935247827564,1.24721019077591,1.20449856285581,1.11247543050768,1.2406620393846,1.32629052600553,1.33972399288865
0.87938497389727,1.22480927892193,1.09670767920874,1.24468600524876,1.13583688507265,1.39661109759257,1.38858428626799,1.18495987181768,1.18152110899765,1.02816087398332,1.20503173625402,1.13120049060485,1.30391535354057,1.37457698429053
0.900402042688678,1.54217108240218,1.38839994802943,1.54661873291705,1.43556579929543,1.43731265469303,1.6080940445544,1.56084746095715,1.6433018703348,1.42771227490274,1.60262290552081,1.53618102480367,1.53086889629432,1.77041648551924
0.800962231315496,1.25173732218326,1.13139826002624,1.15729047898203,1.10264073772783,1.43965144952138,1.53493600866875,1.13587999799784,1.43283426455786,1.3597257543128,1.24375874736199,1.33484231026805,1.40292956103177,1.50205831688184
0.972853840992204,1.30536990572592,1.18979082242364,1.27432801946233,1.31717961417441,1.34508070911305,1.35104451891111,1.3661747109753,1.17234138936592,1.16663062155188,1.14922623762946,1.19305245778714,1.39500007139155,1.2302554155794
0.895967288467537,1.1964743148665,1.16565694289538,1.20374984187739,1.19736375832705,1.12008438573482,1.29784426251757,1.23310410857087,1.22079475164009,1.15474432423001,1.20826955457434,1.17307645875315,1.09704534799334,1.28809257792068
0.911546870646061,1.19069055697648,1.09326597484576,1.30988794500413,1.08680890626888,1.45409426485687,1.49822191082303,1.17881993986792,1.1327556110107,1.05741982509086,1.30033854788654,1.10933007829363,1.48006887936687,1.45301522070663
1.01344843565925,1.44900309839719,1.31070239026315,1.37050912454724,1.24649018983031,1.44290825640582,1.65655574759233,1.32566873000739,1.45922058179832,1.27151732383298,1.4463962829598,1.22045449408021,1.42492049894515,1.7251626042979
0.966011367822721,1.42429535189223,1.24834370274938,1.35643313687022,1.27430988122313,1.44442697898872,1.62131015687935,1.34644453230914,1.45962684463756,1.17028254474992,1.4649066110611,1.1840654278531,1.40830366403421,1.62927156219573
1.00921784416835,1.03547720999353,1.09639216974005,1.29550015733792,1.11149573748506,1.40591311582783,1.24128090428625,1.09932906511113,0.979485750054887,1.06621533145598,1.2832223754703,1.06821210142891,1.42820579634934,1.18548507457663
0.870054222348497,1.35765762631627,1.20438411148125,1.29616831892259,1.22192363320619,1.33476053246149,1.47976933139874,1.35692400457124,1.37274862072719,1.24129185160504,1.35664144019888,1.28917892794588,1.39863842122695,1.49483894472841
0.757318173652087,1.2033630477668,1.06582766667801,1.27106417000872,1.07618358189123,1.31611910832755,1.41060985792074,1.20685163356256,1.27377538760048,1.07978831621464,1.3086853179742,1.09681127191564,1.32814203856103,1.41308043291842
0.83720534054252,1.24093414348246,1.18730304694544,1.21306073556516,1.17097293299252,1.16221665916081,1.39985448409202,1.2522123116003,1.20317046031418,1.06574850392948,1.27226008343697,1.17660719480879,1.21745395286834,1.48339066903801
1.06905757174281,1.60995574917995,1.38548128198916,1.39015246361754,1.40881841361925,1.31320085078478,1.72474401250375,1.36957479209611,1.6180599806343,1.40603819318948,1.44850109017973,1.39272496916448,1.27527215981009,1.72172361921152
1.01563967832482,1.36186742656125,1.31461412588829,1.47890184138502,1.32118312795478,1.57733713071932,1.62267361707466,1.44244721016257,1.33547306249387,1.31653734209828,1.38613797965008,1.31338833129505,1.51077982172689,1.48324445245896
1.05275684439133,1.37845945101951,1.22585480725297,1.03905643715578,1.22759283582369,1.19332608951358,1.4048351459718,1.36208150075193,1.41200502219232,1.26179738522389,1.22765203317006,1.25633030640616,1.28797718653312,1.4866465919744
0.946145546603873,1.41164606298719,1.25535885565578,1.32922965966697,1.31059361287093,1.32205982238818,1.51169944778542,1.46999556331737,1.31771213667127,1.19577053696765,1.18188092022572,1.23043384188978,1.25644126864715,1.41288871373353
0.934520543990087,1.41894175876352,1.27334367747126,1.27268104180544,1.33979806120835,1.37186006374605,1.4915969949521,1.37182324837845,1.48643239184498,1.39013133919288,1.38207012211156,1.44496135685765,1.39386119718745,1.5208029313058
0.997456076620579,1.46056374081785,1.30246083860311,1.65390898073148,1.35549108011555,1.63208659008752,1.90231299773859,1.45481127956134,1.49200421517371,1.15102821085269,1.67619241498341,1.27514225164819,1.64698963302287,1.90225220969667
0.899150504195501,1.32717394350095,1.2063357484793,1.33108028859964,1.18911246925297,1.31684732756328,1.6596008432994,1.12037009905014,1.27486040537037,1.17702626475834,1.36318854534743,1.17324197232056,1.30197086722196,1.62314767119628
0.804076674289273,1.21629489671589,1.08047668151329,1.29696696922711,1.14201093429174,1.49948110788187,1.52719452349186,1.31338182672988,1.30583684029976,1.18914239177126,1.4170409693718,1.17612339948912,1.5788482757691,1.58389323615018
0.878298003908614,0.973236240415364,0.939038151022493,1.19565663584942,0.970728271124082,1.27803324141307,1.20153051309097,1.07443725391254,1.15194557342179,1.05651181243448,1.24992663474524,1.11047168511982,1.30536476081914,1.26875732360799
0.824817034611656,1.46705901213581,1.36712300460389,1.39219083470457,1.39260559840678,1.38411557107063,1.66842198295883,1.45992416387853,1.51374577863566,1.36027306047264,1.48816796986475,1.40562451387985,1.39708693870349,1.7382281194439
0.967880060406108,1.32242693801334,1.27767507975902,1.3509529190134,1.25666279247102,1.48149848065716,1.58514498013363,1.36554443371419,1.35924244024955,1.26876236456777,1.31775746103497,1.31408990342208,1.44081679157827,1.62322745575998
0.945772376803101,1.40777527552319,1.25861214311434,1.38237218693772,1.28933146430064,1.31286366694436,1.482277546553,1.32017937490071,1.37291621655105,1.29263719267007,1.44623852208937,1.23087098087118,1.39671531309847,1.53435952130381
0.951438934118498,1.45950953208738,1.37641325513364,1.2654015742636,1.33790635498866,1.35260202224666,1.52166999814059,1.41506457081102,1.48372357549006,1.32743325346345,1.21173161664046,1.3891005519509,1.39404064944785,1.54949823701541
0.869157942003958,1.42320894433474,1.21323416163926,1.37736422652623,1.23182830414935,1.48771495472194,1.53111250235651,1.45488343462716,1.41188574464032,1.19687775785101,1.3564942245675,1.23823203702636,1.46520855964246,1.51659879140452
1.05298659536574,1.24454782257639,1.17509484326111,1.23678232235863,1.25408792391731,1.26286469255997,1.4038493336661,1.23083066904234,1.29848883143411,1.16431901369483,1.25686611417605,1.21428918863233,1.24074158793181,1.42043344975081
1.02498104300314,1.41850928256899,1.28225851271036,1.41255237199421,1.35404857369252,1.50320490458038,1.56115776193993,1.46251629063716,1.35039792375518,1.23208522140011,1.32640383417316,1.27015186939421,1.44386993862141,1.47672816979758
0.796479313920121,1.37380528006845,1.28086595640356,1.21531437690868,1.19610557565303,1.33271871198449,1.39199491696565,1.29687806801309,1.41163386346891,1.34788523464827,1.29058798304418,1.36209002300062,1.394598001194,1.45729512434988
